index,year,period,periodName,value,footnotes,series_title,series_id,seasonality,survey_name,survey_abbreviation,measure_data_type,area,item,commerce_industry,latest,BY,BY_VALUE
0,1995,M13,Annual,152.4,[{}],"All items in U.S. city average, all urban consumers, not seasonally adjusted",CUUR0000SA0,Not Seasonally Adjusted,CPI for All Urban Consumers (CPI-U),CU,All items,U.S. city average,All items,,,2020,0.5888466873510014
1,1994,M13,Annual,148.2,[{}],"All items in U.S. city average, all urban consumers, not seasonally adjusted",CUUR0000SA0,Not Seasonally Adjusted,CPI for All Urban Consumers (CPI-U),CU,All items,U.S. city average,All items,,,2020,0.5726186290381784
2,1993,M13,Annual,144.5,[{}],"All items in U.S. city average, all urban consumers, not seasonally adjusted",CUUR0000SA0,Not Seasonally Adjusted,CPI for All Urban Consumers (CPI-U),CU,All items,U.S. city average,All items,,,2020,0.5583224824292631
3,1992,M13,Annual,140.3,[{}],"All items in U.S. city average, all urban consumers, not seasonally adjusted",CUUR0000SA0,Not Seasonally Adjusted,CPI for All Urban Consumers (CPI-U),CU,All items,U.S. city average,All items,,,2020,0.5420944241164403
4,1991,M13,Annual,136.2,[{}],"All items in U.S. city average, all urban consumers, not seasonally adjusted",CUUR0000SA0,Not Seasonally Adjusted,CPI for All Urban Consumers (CPI-U),CU,All items,U.S. city average,All items,,,2020,0.5262527481443988
5,1990,M13,Annual,130.7,[{}],"All items in U.S. city average, all urban consumers, not seasonally adjusted",CUUR0000SA0,Not Seasonally Adjusted,CPI for All Urban Consumers (CPI-U),CU,All items,U.S. city average,All items,,,2020,0.5050017194014165
6,1989,M13,Annual,124.0,[{}],"All items in U.S. city average, all urban consumers, not seasonally adjusted",CUUR0000SA0,Not Seasonally Adjusted,CPI for All Urban Consumers (CPI-U),CU,All items,U.S. city average,All items,,,2020,0.47911410256905623
7,1988,M13,Annual,118.3,[{}],"All items in U.S. city average, all urban consumers, not seasonally adjusted",CUUR0000SA0,Not Seasonally Adjusted,CPI for All Urban Consumers (CPI-U),CU,All items,U.S. city average,All items,,,2020,0.4570903091445109
8,1987,M13,Annual,113.6,[{}],"All items in U.S. city average, all urban consumers, not seasonally adjusted",CUUR0000SA0,Not Seasonally Adjusted,CPI for All Urban Consumers (CPI-U),CU,All items,U.S. city average,All items,,,2020,0.4389303391277805
9,1986,M13,Annual,109.6,[{}],"All items in U.S. city average, all urban consumers, not seasonally adjusted",CUUR0000SA0,Not Seasonally Adjusted,CPI for All Urban Consumers (CPI-U),CU,All items,U.S. city average,All items,,,2020,0.42347504549652065
10,1985,M13,Annual,107.6,[{}],"All items in U.S. city average, all urban consumers, not seasonally adjusted",CUUR0000SA0,Not Seasonally Adjusted,CPI for All Urban Consumers (CPI-U),CU,All items,U.S. city average,All items,,,2020,0.4157473986808907
11,1984,M13,Annual,103.9,[{}],"All items in U.S. city average, all urban consumers, not seasonally adjusted",CUUR0000SA0,Not Seasonally Adjusted,CPI for All Urban Consumers (CPI-U),CU,All items,U.S. city average,All items,,,2020,0.40145125207197535
12,1983,M13,Annual,99.6,[{}],"All items in U.S. city average, all urban consumers, not seasonally adjusted",CUUR0000SA0,Not Seasonally Adjusted,CPI for All Urban Consumers (CPI-U),CU,All items,U.S. city average,All items,,,2020,0.38483681141837095
13,1982,M13,Annual,96.5,[{}],"All items in U.S. city average, all urban consumers, not seasonally adjusted",CUUR0000SA0,Not Seasonally Adjusted,CPI for All Urban Consumers (CPI-U),CU,All items,U.S. city average,All items,,,2020,0.37285895885414455
14,1981,M13,Annual,90.9,[{}],"All items in U.S. city average, all urban consumers, not seasonally adjusted",CUUR0000SA0,Not Seasonally Adjusted,CPI for All Urban Consumers (CPI-U),CU,All items,U.S. city average,All items,,,2020,0.3512215477703807
15,1980,M13,Annual,82.4,[{}],"All items in U.S. city average, all urban consumers, not seasonally adjusted",CUUR0000SA0,Not Seasonally Adjusted,CPI for All Urban Consumers (CPI-U),CU,All items,U.S. city average,All items,,,2020,0.3183790488039535
16,1995,M13,Annual,137.3,[{}],"PPI industry group data for Aerospace product and parts manufacturing, not seasonally adjusted",PCU3364--3364--,Not Seasonally Adjusted,PPI Industry Data,PC,Aerospace product and parts manufacturing,,Aerospace product and parts manufacturing,Aerospace product and parts manufacturing,,2020,0.5654859967051071
17,1994,M13,Annual,134.0,[{}],"PPI industry group data for Aerospace product and parts manufacturing, not seasonally adjusted",PCU3364--3364--,Not Seasonally Adjusted,PPI Industry Data,PC,Aerospace product and parts manufacturing,,Aerospace product and parts manufacturing,Aerospace product and parts manufacturing,,2020,0.5518945634266886
18,1993,M13,Annual,130.1,[{}],"PPI industry group data for Aerospace product and parts manufacturing, not seasonally adjusted",PCU3364--3364--,Not Seasonally Adjusted,PPI Industry Data,PC,Aerospace product and parts manufacturing,,Aerospace product and parts manufacturing,Aerospace product and parts manufacturing,,2020,0.535831960461285
19,1992,M13,Annual,126.6,[{}],"PPI industry group data for Aerospace product and parts manufacturing, not seasonally adjusted",PCU3364--3364--,Not Seasonally Adjusted,PPI Industry Data,PC,Aerospace product and parts manufacturing,,Aerospace product and parts manufacturing,Aerospace product and parts manufacturing,,2020,0.5214168039538715
20,1991,M13,Annual,122.3,[{}],"PPI industry group data for Aerospace product and parts manufacturing, not seasonally adjusted",PCU3364--3364--,Not Seasonally Adjusted,PPI Industry Data,PC,Aerospace product and parts manufacturing,,Aerospace product and parts manufacturing,Aerospace product and parts manufacturing,,2020,0.5037067545304778
21,1990,M13,Annual,117.7,[{}],"PPI industry group data for Aerospace product and parts manufacturing, not seasonally adjusted",PCU3364--3364--,Not Seasonally Adjusted,PPI Industry Data,PC,Aerospace product and parts manufacturing,,Aerospace product and parts manufacturing,Aerospace product and parts manufacturing,,2020,0.4847611202635914
22,1989,M13,Annual,112.1,[{}],"PPI industry group data for Aerospace product and parts manufacturing, not seasonally adjusted",PCU3364--3364--,Not Seasonally Adjusted,PPI Industry Data,PC,Aerospace product and parts manufacturing,,Aerospace product and parts manufacturing,Aerospace product and parts manufacturing,,2020,0.46169686985172975
23,1988,M13,Annual,105.5,[{}],"PPI industry group data for Aerospace product and parts manufacturing, not seasonally adjusted",PCU3364--3364--,Not Seasonally Adjusted,PPI Industry Data,PC,Aerospace product and parts manufacturing,,Aerospace product and parts manufacturing,Aerospace product and parts manufacturing,,2020,0.43451400329489287
24,1987,M13,Annual,102.8,[{}],"PPI industry group data for Aerospace product and parts manufacturing, not seasonally adjusted",PCU3364--3364--,Not Seasonally Adjusted,PPI Industry Data,PC,Aerospace product and parts manufacturing,,Aerospace product and parts manufacturing,Aerospace product and parts manufacturing,,2020,0.4233937397034596
25,1986,M13,Annual,102.8,[{}],"PPI industry group data for Aerospace product and parts manufacturing, not seasonally adjusted",PCU3364--3364--,Not Seasonally Adjusted,PPI Industry Data,PC,Aerospace product and parts manufacturing,,Aerospace product and parts manufacturing,Aerospace product and parts manufacturing,,2020,0.4233937397034596
26,1995,M13,Annual,135.0,[{}],"PPI industry group data for Ship and boat building, not seasonally adjusted",PCU3366--3366--,Not Seasonally Adjusted,PPI Industry Data,PC,Ship and boat building,,Ship and boat building,Ship and boat building,,2020,0.5681818181818182
27,1994,M13,Annual,133.0,[{}],"PPI industry group data for Ship and boat building, not seasonally adjusted",PCU3366--3366--,Not Seasonally Adjusted,PPI Industry Data,PC,Ship and boat building,,Ship and boat building,Ship and boat building,,2020,0.5597643097643098
28,1993,M13,Annual,129.9,[{}],"PPI industry group data for Ship and boat building, not seasonally adjusted",PCU3366--3366--,Not Seasonally Adjusted,PPI Industry Data,PC,Ship and boat building,,Ship and boat building,Ship and boat building,,2020,0.5467171717171717
29,1992,M13,Annual,125.7,[{}],"PPI industry group data for Ship and boat building, not seasonally adjusted",PCU3366--3366--,Not Seasonally Adjusted,PPI Industry Data,PC,Ship and boat building,,Ship and boat building,Ship and boat building,,2020,0.5290404040404041
30,1991,M13,Annual,122.7,[{}],"PPI industry group data for Ship and boat building, not seasonally adjusted",PCU3366--3366--,Not Seasonally Adjusted,PPI Industry Data,PC,Ship and boat building,,Ship and boat building,Ship and boat building,,2020,0.5164141414141414
31,1990,M13,Annual,120.1,[{}],"PPI industry group data for Ship and boat building, not seasonally adjusted",PCU3366--3366--,Not Seasonally Adjusted,PPI Industry Data,PC,Ship and boat building,,Ship and boat building,Ship and boat building,,2020,0.5054713804713804
32,1989,M13,Annual,116.0,[{}],"PPI industry group data for Ship and boat building, not seasonally adjusted",PCU3366--3366--,Not Seasonally Adjusted,PPI Industry Data,PC,Ship and boat building,,Ship and boat building,Ship and boat building,,2020,0.4882154882154882
33,1988,M13,Annual,111.0,[{}],"PPI industry group data for Ship and boat building, not seasonally adjusted",PCU3366--3366--,Not Seasonally Adjusted,PPI Industry Data,PC,Ship and boat building,,Ship and boat building,Ship and boat building,,2020,0.4671717171717172
34,1987,M13,Annual,108.5,[{}],"PPI industry group data for Ship and boat building, not seasonally adjusted",PCU3366--3366--,Not Seasonally Adjusted,PPI Industry Data,PC,Ship and boat building,,Ship and boat building,Ship and boat building,,2020,0.45664983164983164
35,1986,M13,Annual,105.9,[{}],"PPI industry group data for Ship and boat building, not seasonally adjusted",PCU3366--3366--,Not Seasonally Adjusted,PPI Industry Data,PC,Ship and boat building,,Ship and boat building,Ship and boat building,,2020,0.4457070707070707
36,1995,M13,Annual,127.6,[{}],"PPI industry data for Ship building and repairing, not seasonally adjusted",PCU336611336611,Not Seasonally Adjusted,PPI Industry Data,PC,Ship building and repairing,,Ship building and repairing,Ship building and repairing,,2020,0.5973782771535581
37,1994,M13,Annual,126.8,[{}],"PPI industry data for Ship building and repairing, not seasonally adjusted",PCU336611336611,Not Seasonally Adjusted,PPI Industry Data,PC,Ship building and repairing,,Ship building and repairing,Ship building and repairing,,2020,0.5936329588014981
38,1993,M13,Annual,123.3,[{}],"PPI industry data for Ship building and repairing, not seasonally adjusted",PCU336611336611,Not Seasonally Adjusted,PPI Industry Data,PC,Ship building and repairing,,Ship building and repairing,Ship building and repairing,,2020,0.577247191011236
39,1992,M13,Annual,118.3,[{}],"PPI industry data for Ship building and repairing, not seasonally adjusted",PCU336611336611,Not Seasonally Adjusted,PPI Industry Data,PC,Ship building and repairing,,Ship building and repairing,Ship building and repairing,,2020,0.5538389513108615
40,1991,M13,Annual,116.2,[{}],"PPI industry data for Ship building and repairing, not seasonally adjusted",PCU336611336611,Not Seasonally Adjusted,PPI Industry Data,PC,Ship building and repairing,,Ship building and repairing,Ship building and repairing,,2020,0.5440074906367042
41,1990,M13,Annual,114.0,[{}],"PPI industry data for Ship building and repairing, not seasonally adjusted",PCU336611336611,Not Seasonally Adjusted,PPI Industry Data,PC,Ship building and repairing,,Ship building and repairing,Ship building and repairing,,2020,0.5337078651685393
42,1989,M13,Annual,110.2,[{}],"PPI industry data for Ship building and repairing, not seasonally adjusted",PCU336611336611,Not Seasonally Adjusted,PPI Industry Data,PC,Ship building and repairing,,Ship building and repairing,Ship building and repairing,,2020,0.5159176029962547
43,1988,M13,Annual,105.5,[{}],"PPI industry data for Ship building and repairing, not seasonally adjusted",PCU336611336611,Not Seasonally Adjusted,PPI Industry Data,PC,Ship building and repairing,,Ship building and repairing,Ship building and repairing,,2020,0.49391385767790263
44,1987,M13,Annual,103.3,[{}],"PPI industry data for Ship building and repairing, not seasonally adjusted",PCU336611336611,Not Seasonally Adjusted,PPI Industry Data,PC,Ship building and repairing,,Ship building and repairing,Ship building and repairing,,2020,0.4836142322097378
45,1986,M13,Annual,100.8,[{}],"PPI industry data for Ship building and repairing, not seasonally adjusted",PCU336611336611,Not Seasonally Adjusted,PPI Industry Data,PC,Ship building and repairing,,Ship building and repairing,Ship building and repairing,,2020,0.47191011235955055
46,1995,M13,Annual,128.2,[{}],"PPI industry sub-sector data for Primary metal mfg, not seasonally adjusted",PCU331---331---,Not Seasonally Adjusted,PPI Industry Data,PC,Primary metal mfg,,Primary metal mfg,Primary metal mfg,,2020,0.6570989236289082
47,1994,M13,Annual,117.0,[{}],"PPI industry sub-sector data for Primary metal mfg, not seasonally adjusted",PCU331---331---,Not Seasonally Adjusted,PPI Industry Data,PC,Primary metal mfg,,Primary metal mfg,Primary metal mfg,,2020,0.5996924654023578
48,1993,M13,Annual,111.4,[{}],"PPI industry sub-sector data for Primary metal mfg, not seasonally adjusted",PCU331---331---,Not Seasonally Adjusted,PPI Industry Data,PC,Primary metal mfg,,Primary metal mfg,Primary metal mfg,,2020,0.5709892362890826
49,1992,M13,Annual,111.7,[{}],"PPI industry sub-sector data for Primary metal mfg, not seasonally adjusted",PCU331---331---,Not Seasonally Adjusted,PPI Industry Data,PC,Primary metal mfg,,Primary metal mfg,Primary metal mfg,,2020,0.5725269092772938
50,1991,M13,Annual,113.1,[{}],"PPI industry sub-sector data for Primary metal mfg, not seasonally adjusted",PCU331---331---,Not Seasonally Adjusted,PPI Industry Data,PC,Primary metal mfg,,Primary metal mfg,Primary metal mfg,,2020,0.5797027165556125
51,1990,M13,Annual,116.5,[{}],"PPI industry sub-sector data for Primary metal mfg, not seasonally adjusted",PCU331---331---,Not Seasonally Adjusted,PPI Industry Data,PC,Primary metal mfg,,Primary metal mfg,Primary metal mfg,,2020,0.5971296770886725
52,1989,M13,Annual,118.8,[{}],"PPI industry sub-sector data for Primary metal mfg, not seasonally adjusted",PCU331---331---,Not Seasonally Adjusted,PPI Industry Data,PC,Primary metal mfg,,Primary metal mfg,Primary metal mfg,,2020,0.6089185033316248
53,1988,M13,Annual,113.0,[{}],"PPI industry sub-sector data for Primary metal mfg, not seasonally adjusted",PCU331---331---,Not Seasonally Adjusted,PPI Industry Data,PC,Primary metal mfg,,Primary metal mfg,Primary metal mfg,,2020,0.5791901588928755
54,1987,M13,Annual,101.0,[{}],"PPI industry sub-sector data for Primary metal mfg, not seasonally adjusted",PCU331---331---,Not Seasonally Adjusted,PPI Industry Data,PC,Primary metal mfg,,Primary metal mfg,Primary metal mfg,,2020,0.5176832393644285
55,1986,M13,Annual,97.0,[{}],"PPI industry sub-sector data for Primary metal mfg, not seasonally adjusted",PCU331---331---,Not Seasonally Adjusted,PPI Industry Data,PC,Primary metal mfg,,Primary metal mfg,Primary metal mfg,,2020,0.4971809328549462
56,1985,M13,Annual,99.4,[{}],"PPI industry sub-sector data for Primary metal mfg, not seasonally adjusted",PCU331---331---,Not Seasonally Adjusted,PPI Industry Data,PC,Primary metal mfg,,Primary metal mfg,Primary metal mfg,,2020,0.5094823167606356
57,2010,M13,Annual,218.056,[{}],"All items in U.S. city average, all urban consumers, not seasonally adjusted",CUUR0000SA0,Not Seasonally Adjusted,CPI for All Urban Consumers (CPI-U),CU,All items,U.S. city average,All items,,,2020,0.842529877014501
58,2009,M13,Annual,214.537,[{}],"All items in U.S. city average, all urban consumers, not seasonally adjusted",CUUR0000SA0,Not Seasonally Adjusted,CPI for All Urban Consumers (CPI-U),CU,All items,U.S. city average,All items,,,2020,0.8289330824424002
59,2008,M13,Annual,215.303,[{}],"All items in U.S. city average, all urban consumers, not seasonally adjusted",CUUR0000SA0,Not Seasonally Adjusted,CPI for All Urban Consumers (CPI-U),CU,All items,U.S. city average,All items,,,2020,0.8318927711727864
60,2007,M13,Annual,207.342,[{}],"All items in U.S. city average, all urban consumers, not seasonally adjusted",CUUR0000SA0,Not Seasonally Adjusted,CPI for All Urban Consumers (CPI-U),CU,All items,U.S. city average,All items,,,2020,0.8011328730231715
61,2006,M13,Annual,201.6,[{}],"All items in U.S. city average, all urban consumers, not seasonally adjusted",CUUR0000SA0,Not Seasonally Adjusted,CPI for All Urban Consumers (CPI-U),CU,All items,U.S. city average,All items,,,2020,0.7789467990154978
62,2005,M13,Annual,195.3,[{}],"All items in U.S. city average, all urban consumers, not seasonally adjusted",CUUR0000SA0,Not Seasonally Adjusted,CPI for All Urban Consumers (CPI-U),CU,All items,U.S. city average,All items,,,2020,0.7546047115462636
63,2004,M13,Annual,188.9,[{}],"All items in U.S. city average, all urban consumers, not seasonally adjusted",CUUR0000SA0,Not Seasonally Adjusted,CPI for All Urban Consumers (CPI-U),CU,All items,U.S. city average,All items,,,2020,0.7298762417362478
64,2003,M13,Annual,184.0,[{}],"All items in U.S. city average, all urban consumers, not seasonally adjusted",CUUR0000SA0,Not Seasonally Adjusted,CPI for All Urban Consumers (CPI-U),CU,All items,U.S. city average,All items,,,2020,0.7109435070379544
65,2002,M13,Annual,179.9,[{}],"All items in U.S. city average, all urban consumers, not seasonally adjusted",CUUR0000SA0,Not Seasonally Adjusted,CPI for All Urban Consumers (CPI-U),CU,All items,U.S. city average,All items,,,2020,0.6951018310659131
66,2001,M13,Annual,177.1,[{}],"All items in U.S. city average, all urban consumers, not seasonally adjusted",CUUR0000SA0,Not Seasonally Adjusted,CPI for All Urban Consumers (CPI-U),CU,All items,U.S. city average,All items,,,2020,0.684283125524031
67,2000,M13,Annual,172.2,[{}],"All items in U.S. city average, all urban consumers, not seasonally adjusted",CUUR0000SA0,Not Seasonally Adjusted,CPI for All Urban Consumers (CPI-U),CU,All items,U.S. city average,All items,,,2020,0.6653503908257377
68,1999,M13,Annual,166.6,[{}],"All items in U.S. city average, all urban consumers, not seasonally adjusted",CUUR0000SA0,Not Seasonally Adjusted,CPI for All Urban Consumers (CPI-U),CU,All items,U.S. city average,All items,,,2020,0.643712979741974
69,1998,M13,Annual,163.0,[{}],"All items in U.S. city average, all urban consumers, not seasonally adjusted",CUUR0000SA0,Not Seasonally Adjusted,CPI for All Urban Consumers (CPI-U),CU,All items,U.S. city average,All items,,,2020,0.62980321547384
70,1997,M13,Annual,160.5,[{}],"All items in U.S. city average, all urban consumers, not seasonally adjusted",CUUR0000SA0,Not Seasonally Adjusted,CPI for All Urban Consumers (CPI-U),CU,All items,U.S. city average,All items,,,2020,0.6201436569543026
71,1996,M13,Annual,156.9,[{}],"All items in U.S. city average, all urban consumers, not seasonally adjusted",CUUR0000SA0,Not Seasonally Adjusted,CPI for All Urban Consumers (CPI-U),CU,All items,U.S. city average,All items,,,2020,0.6062338926861688
72,1995,M13,Annual,152.4,[{}],"All items in U.S. city average, all urban consumers, not seasonally adjusted",CUUR0000SA0,Not Seasonally Adjusted,CPI for All Urban Consumers (CPI-U),CU,All items,U.S. city average,All items,,,2020,0.5888466873510014
73,2010,M13,Annual,110.4,[{}],"PPI industry sub-sector data for Transportation equipment manufacturing, not seasonally adjusted",PCU336---336---,Not Seasonally Adjusted,PPI Industry Data,PC,Transportation equipment manufacturing,,Transportation equipment manufacturing,Transportation equipment manufacturing,,2020,0.8810853950518756
74,2009,M13,Annual,109.5,[{}],"PPI industry sub-sector data for Transportation equipment manufacturing, not seasonally adjusted",PCU336---336---,Not Seasonally Adjusted,PPI Industry Data,PC,Transportation equipment manufacturing,,Transportation equipment manufacturing,Transportation equipment manufacturing,,2020,0.87390263367917
75,2008,M13,Annual,107.3,[{}],"PPI industry sub-sector data for Transportation equipment manufacturing, not seasonally adjusted",PCU336---336---,Not Seasonally Adjusted,PPI Industry Data,PC,Transportation equipment manufacturing,,Transportation equipment manufacturing,Transportation equipment manufacturing,,2020,0.8563447725458898
76,2007,M13,Annual,104.9,[{}],"PPI industry sub-sector data for Transportation equipment manufacturing, not seasonally adjusted",PCU336---336---,Not Seasonally Adjusted,PPI Industry Data,PC,Transportation equipment manufacturing,,Transportation equipment manufacturing,Transportation equipment manufacturing,,2020,0.8371907422186753
77,2006,M13,Annual,103.2,[{}],"PPI industry sub-sector data for Transportation equipment manufacturing, not seasonally adjusted",PCU336---336---,Not Seasonally Adjusted,PPI Industry Data,PC,Transportation equipment manufacturing,,Transportation equipment manufacturing,Transportation equipment manufacturing,,2020,0.8236233040702314
78,2005,M13,Annual,102.5,[{}],"PPI industry sub-sector data for Transportation equipment manufacturing, not seasonally adjusted",PCU336---336---,Not Seasonally Adjusted,PPI Industry Data,PC,Transportation equipment manufacturing,,Transportation equipment manufacturing,Transportation equipment manufacturing,,2020,0.8180367118914605
79,2004,M13,Annual,100.9,[{}],"PPI industry sub-sector data for Transportation equipment manufacturing, not seasonally adjusted",PCU336---336---,Not Seasonally Adjusted,PPI Industry Data,PC,Transportation equipment manufacturing,,Transportation equipment manufacturing,Transportation equipment manufacturing,,2020,0.8052673583399841
80,2010,M13,Annual,203.4,[{}],"PPI industry group data for Aerospace product and parts manufacturing, not seasonally adjusted",PCU3364--3364--,Not Seasonally Adjusted,PPI Industry Data,PC,Aerospace product and parts manufacturing,,Aerospace product and parts manufacturing,Aerospace product and parts manufacturing,,2020,0.8377265238879736
81,2009,M13,Annual,200.6,[{}],"PPI industry group data for Aerospace product and parts manufacturing, not seasonally adjusted",PCU3364--3364--,Not Seasonally Adjusted,PPI Industry Data,PC,Aerospace product and parts manufacturing,,Aerospace product and parts manufacturing,Aerospace product and parts manufacturing,,2020,0.8261943986820428
82,2008,M13,Annual,196.2,[{}],"PPI industry group data for Aerospace product and parts manufacturing, not seasonally adjusted",PCU3364--3364--,Not Seasonally Adjusted,PPI Industry Data,PC,Aerospace product and parts manufacturing,,Aerospace product and parts manufacturing,Aerospace product and parts manufacturing,,2020,0.8080724876441515
83,2007,M13,Annual,188.6,[{}],"PPI industry group data for Aerospace product and parts manufacturing, not seasonally adjusted",PCU3364--3364--,Not Seasonally Adjusted,PPI Industry Data,PC,Aerospace product and parts manufacturing,,Aerospace product and parts manufacturing,Aerospace product and parts manufacturing,,2020,0.7767710049423393
84,2006,M13,Annual,182.8,[{}],"PPI industry group data for Aerospace product and parts manufacturing, not seasonally adjusted",PCU3364--3364--,Not Seasonally Adjusted,PPI Industry Data,PC,Aerospace product and parts manufacturing,,Aerospace product and parts manufacturing,Aerospace product and parts manufacturing,,2020,0.7528830313014827
85,2005,M13,Annual,176.0,[{}],"PPI industry group data for Aerospace product and parts manufacturing, not seasonally adjusted",PCU3364--3364--,Not Seasonally Adjusted,PPI Industry Data,PC,Aerospace product and parts manufacturing,,Aerospace product and parts manufacturing,Aerospace product and parts manufacturing,,2020,0.7248764415156507
86,2004,M13,Annual,168.0,[{}],"PPI industry group data for Aerospace product and parts manufacturing, not seasonally adjusted",PCU3364--3364--,Not Seasonally Adjusted,PPI Industry Data,PC,Aerospace product and parts manufacturing,,Aerospace product and parts manufacturing,Aerospace product and parts manufacturing,,2020,0.6919275123558484
87,2003,M13,Annual,162.2,[{}],"PPI industry group data for Aerospace product and parts manufacturing, not seasonally adjusted",PCU3364--3364--,Not Seasonally Adjusted,PPI Industry Data,PC,Aerospace product and parts manufacturing,,Aerospace product and parts manufacturing,Aerospace product and parts manufacturing,,2020,0.6680395387149917
88,2002,M13,Annual,157.3,[{}],"PPI industry group data for Aerospace product and parts manufacturing, not seasonally adjusted",PCU3364--3364--,Not Seasonally Adjusted,PPI Industry Data,PC,Aerospace product and parts manufacturing,,Aerospace product and parts manufacturing,Aerospace product and parts manufacturing,,2020,0.6478583196046128
89,2001,M13,Annual,154.7,[{}],"PPI industry group data for Aerospace product and parts manufacturing, not seasonally adjusted",PCU3364--3364--,Not Seasonally Adjusted,PPI Industry Data,PC,Aerospace product and parts manufacturing,,Aerospace product and parts manufacturing,Aerospace product and parts manufacturing,,2020,0.637149917627677
90,2000,M13,Annual,149.9,[{}],"PPI industry group data for Aerospace product and parts manufacturing, not seasonally adjusted",PCU3364--3364--,Not Seasonally Adjusted,PPI Industry Data,PC,Aerospace product and parts manufacturing,,Aerospace product and parts manufacturing,Aerospace product and parts manufacturing,,2020,0.6173805601317958
91,1999,M13,Annual,144.8,[{}],"PPI industry group data for Aerospace product and parts manufacturing, not seasonally adjusted",PCU3364--3364--,Not Seasonally Adjusted,PPI Industry Data,PC,Aerospace product and parts manufacturing,,Aerospace product and parts manufacturing,Aerospace product and parts manufacturing,,2020,0.5963756177924218
92,1998,M13,Annual,143.4,[{}],"PPI industry group data for Aerospace product and parts manufacturing, not seasonally adjusted",PCU3364--3364--,Not Seasonally Adjusted,PPI Industry Data,PC,Aerospace product and parts manufacturing,,Aerospace product and parts manufacturing,Aerospace product and parts manufacturing,,2020,0.5906095551894563
93,1997,M13,Annual,142.7,[{}],"PPI industry group data for Aerospace product and parts manufacturing, not seasonally adjusted",PCU3364--3364--,Not Seasonally Adjusted,PPI Industry Data,PC,Aerospace product and parts manufacturing,,Aerospace product and parts manufacturing,Aerospace product and parts manufacturing,,2020,0.5877265238879735
94,1996,M13,Annual,140.8,[{}],"PPI industry group data for Aerospace product and parts manufacturing, not seasonally adjusted",PCU3364--3364--,Not Seasonally Adjusted,PPI Industry Data,PC,Aerospace product and parts manufacturing,,Aerospace product and parts manufacturing,Aerospace product and parts manufacturing,,2020,0.5799011532125206
95,1995,M13,Annual,137.3,[{}],"PPI industry group data for Aerospace product and parts manufacturing, not seasonally adjusted",PCU3364--3364--,Not Seasonally Adjusted,PPI Industry Data,PC,Aerospace product and parts manufacturing,,Aerospace product and parts manufacturing,Aerospace product and parts manufacturing,,2020,0.5654859967051071
96,2010,M13,Annual,203.0,[{}],"PPI industry group data for Ship and boat building, not seasonally adjusted",PCU3366--3366--,Not Seasonally Adjusted,PPI Industry Data,PC,Ship and boat building,,Ship and boat building,Ship and boat building,,2020,0.8543771043771043
97,2009,M13,Annual,199.2,[{}],"PPI industry group data for Ship and boat building, not seasonally adjusted",PCU3366--3366--,Not Seasonally Adjusted,PPI Industry Data,PC,Ship and boat building,,Ship and boat building,Ship and boat building,,2020,0.8383838383838383
98,2008,M13,Annual,193.8,[{}],"PPI industry group data for Ship and boat building, not seasonally adjusted",PCU3366--3366--,Not Seasonally Adjusted,PPI Industry Data,PC,Ship and boat building,,Ship and boat building,Ship and boat building,,2020,0.8156565656565657
99,2007,M13,Annual,188.3,[{}],"PPI industry group data for Ship and boat building, not seasonally adjusted",PCU3366--3366--,Not Seasonally Adjusted,PPI Industry Data,PC,Ship and boat building,,Ship and boat building,Ship and boat building,,2020,0.7925084175084176
100,2006,M13,Annual,181.4,[{}],"PPI industry group data for Ship and boat building, not seasonally adjusted",PCU3366--3366--,Not Seasonally Adjusted,PPI Industry Data,PC,Ship and boat building,,Ship and boat building,Ship and boat building,,2020,0.7634680134680135
101,2005,M13,Annual,175.0,[{}],"PPI industry group data for Ship and boat building, not seasonally adjusted",PCU3366--3366--,Not Seasonally Adjusted,PPI Industry Data,PC,Ship and boat building,,Ship and boat building,Ship and boat building,,2020,0.7365319865319866
102,2004,M13,Annual,169.6,[{}],"PPI industry group data for Ship and boat building, not seasonally adjusted",PCU3366--3366--,Not Seasonally Adjusted,PPI Industry Data,PC,Ship and boat building,,Ship and boat building,Ship and boat building,,2020,0.7138047138047138
103,2003,M13,Annual,163.0,[{}],"PPI industry group data for Ship and boat building, not seasonally adjusted",PCU3366--3366--,Not Seasonally Adjusted,PPI Industry Data,PC,Ship and boat building,,Ship and boat building,Ship and boat building,,2020,0.6860269360269361
104,2002,M13,Annual,156.8,[{}],"PPI industry group data for Ship and boat building, not seasonally adjusted",PCU3366--3366--,Not Seasonally Adjusted,PPI Industry Data,PC,Ship and boat building,,Ship and boat building,Ship and boat building,,2020,0.65993265993266
105,2001,M13,Annual,152.6,[{}],"PPI industry group data for Ship and boat building, not seasonally adjusted",PCU3366--3366--,Not Seasonally Adjusted,PPI Industry Data,PC,Ship and boat building,,Ship and boat building,Ship and boat building,,2020,0.6422558922558923
106,2000,M13,Annual,149.0,[{}],"PPI industry group data for Ship and boat building, not seasonally adjusted",PCU3366--3366--,Not Seasonally Adjusted,PPI Industry Data,PC,Ship and boat building,,Ship and boat building,Ship and boat building,,2020,0.6271043771043772
107,1999,M13,Annual,145.6,[{}],"PPI industry group data for Ship and boat building, not seasonally adjusted",PCU3366--3366--,Not Seasonally Adjusted,PPI Industry Data,PC,Ship and boat building,,Ship and boat building,Ship and boat building,,2020,0.6127946127946128
108,1998,M13,Annual,144.1,[{}],"PPI industry group data for Ship and boat building, not seasonally adjusted",PCU3366--3366--,Not Seasonally Adjusted,PPI Industry Data,PC,Ship and boat building,,Ship and boat building,Ship and boat building,,2020,0.6064814814814815
109,1997,M13,Annual,142.0,[{}],"PPI industry group data for Ship and boat building, not seasonally adjusted",PCU3366--3366--,Not Seasonally Adjusted,PPI Industry Data,PC,Ship and boat building,,Ship and boat building,Ship and boat building,,2020,0.5976430976430976
110,1996,M13,Annual,138.2,[{}],"PPI industry group data for Ship and boat building, not seasonally adjusted",PCU3366--3366--,Not Seasonally Adjusted,PPI Industry Data,PC,Ship and boat building,,Ship and boat building,Ship and boat building,,2020,0.5816498316498316
111,1995,M13,Annual,135.0,[{}],"PPI industry group data for Ship and boat building, not seasonally adjusted",PCU3366--3366--,Not Seasonally Adjusted,PPI Industry Data,PC,Ship and boat building,,Ship and boat building,Ship and boat building,,2020,0.5681818181818182
112,2010,M13,Annual,191.1,[{}],"PPI industry data for Ship building and repairing, not seasonally adjusted",PCU336611336611,Not Seasonally Adjusted,PPI Industry Data,PC,Ship building and repairing,,Ship building and repairing,Ship building and repairing,,2020,0.8946629213483146
113,2009,M13,Annual,187.4,[{}],"PPI industry data for Ship building and repairing, not seasonally adjusted",PCU336611336611,Not Seasonally Adjusted,PPI Industry Data,PC,Ship building and repairing,,Ship building and repairing,Ship building and repairing,,2020,0.8773408239700375
114,2008,M13,Annual,181.6,[{}],"PPI industry data for Ship building and repairing, not seasonally adjusted",PCU336611336611,Not Seasonally Adjusted,PPI Industry Data,PC,Ship building and repairing,,Ship building and repairing,Ship building and repairing,,2020,0.850187265917603
115,2007,M13,Annual,177.0,[{}],"PPI industry data for Ship building and repairing, not seasonally adjusted",PCU336611336611,Not Seasonally Adjusted,PPI Industry Data,PC,Ship building and repairing,,Ship building and repairing,Ship building and repairing,,2020,0.8286516853932584
116,2006,M13,Annual,169.9,[{}],"PPI industry data for Ship building and repairing, not seasonally adjusted",PCU336611336611,Not Seasonally Adjusted,PPI Industry Data,PC,Ship building and repairing,,Ship building and repairing,Ship building and repairing,,2020,0.7954119850187267
117,2005,M13,Annual,163.9,[{}],"PPI industry data for Ship building and repairing, not seasonally adjusted",PCU336611336611,Not Seasonally Adjusted,PPI Industry Data,PC,Ship building and repairing,,Ship building and repairing,Ship building and repairing,,2020,0.7673220973782772
118,2004,M13,Annual,159.8,[{}],"PPI industry data for Ship building and repairing, not seasonally adjusted",PCU336611336611,Not Seasonally Adjusted,PPI Industry Data,PC,Ship building and repairing,,Ship building and repairing,Ship building and repairing,,2020,0.7481273408239701
119,2003,M13,Annual,151.7,[{}],"PPI industry data for Ship building and repairing, not seasonally adjusted",PCU336611336611,Not Seasonally Adjusted,PPI Industry Data,PC,Ship building and repairing,,Ship building and repairing,Ship building and repairing,,2020,0.7102059925093632
120,2002,M13,Annual,144.1,[{}],"PPI industry data for Ship building and repairing, not seasonally adjusted",PCU336611336611,Not Seasonally Adjusted,PPI Industry Data,PC,Ship building and repairing,,Ship building and repairing,Ship building and repairing,,2020,0.674625468164794
121,2001,M13,Annual,140.1,[{}],"PPI industry data for Ship building and repairing, not seasonally adjusted",PCU336611336611,Not Seasonally Adjusted,PPI Industry Data,PC,Ship building and repairing,,Ship building and repairing,Ship building and repairing,,2020,0.6558988764044944
122,2000,M13,Annual,137.6,[{}],"PPI industry data for Ship building and repairing, not seasonally adjusted",PCU336611336611,Not Seasonally Adjusted,PPI Industry Data,PC,Ship building and repairing,,Ship building and repairing,Ship building and repairing,,2020,0.6441947565543071
123,1999,M13,Annual,135.4,[{}],"PPI industry data for Ship building and repairing, not seasonally adjusted",PCU336611336611,Not Seasonally Adjusted,PPI Industry Data,PC,Ship building and repairing,,Ship building and repairing,Ship building and repairing,,2020,0.6338951310861424
124,1998,M13,Annual,134.8,[{}],"PPI industry data for Ship building and repairing, not seasonally adjusted",PCU336611336611,Not Seasonally Adjusted,PPI Industry Data,PC,Ship building and repairing,,Ship building and repairing,Ship building and repairing,,2020,0.6310861423220975
125,1997,M13,Annual,133.3,[{}],"PPI industry data for Ship building and repairing, not seasonally adjusted",PCU336611336611,Not Seasonally Adjusted,PPI Industry Data,PC,Ship building and repairing,,Ship building and repairing,Ship building and repairing,,2020,0.6240636704119851
126,1996,M13,Annual,130.1,[{}],"PPI industry data for Ship building and repairing, not seasonally adjusted",PCU336611336611,Not Seasonally Adjusted,PPI Industry Data,PC,Ship building and repairing,,Ship building and repairing,Ship building and repairing,,2020,0.6090823970037453
127,1995,M13,Annual,127.6,[{}],"PPI industry data for Ship building and repairing, not seasonally adjusted",PCU336611336611,Not Seasonally Adjusted,PPI Industry Data,PC,Ship building and repairing,,Ship building and repairing,Ship building and repairing,,2020,0.5973782771535581
128,2010,M13,Annual,196.1,[{}],"PPI industry sub-sector data for Primary metal mfg, not seasonally adjusted",PCU331---331---,Not Seasonally Adjusted,PPI Industry Data,PC,Primary metal mfg,,Primary metal mfg,Primary metal mfg,,2020,1.0051255766273706
129,2009,M13,Annual,172.5,[{}],"PPI industry sub-sector data for Primary metal mfg, not seasonally adjusted",PCU331---331---,Not Seasonally Adjusted,PPI Industry Data,PC,Primary metal mfg,,Primary metal mfg,Primary metal mfg,,2020,0.8841619682214249
130,2008,M13,Annual,211.9,[{}],"PPI industry sub-sector data for Primary metal mfg, not seasonally adjusted",PCU331---331---,Not Seasonally Adjusted,PPI Industry Data,PC,Primary metal mfg,,Primary metal mfg,Primary metal mfg,,2020,1.0861096873398257
131,2007,M13,Annual,190.5,[{}],"PPI industry sub-sector data for Primary metal mfg, not seasonally adjusted",PCU331---331---,Not Seasonally Adjusted,PPI Industry Data,PC,Primary metal mfg,,Primary metal mfg,Primary metal mfg,,2020,0.9764223475140954
132,2006,M13,Annual,179.3,[{}],"PPI industry sub-sector data for Primary metal mfg, not seasonally adjusted",PCU331---331---,Not Seasonally Adjusted,PPI Industry Data,PC,Primary metal mfg,,Primary metal mfg,Primary metal mfg,,2020,0.919015889287545
133,2005,M13,Annual,156.3,[{}],"PPI industry sub-sector data for Primary metal mfg, not seasonally adjusted",PCU331---331---,Not Seasonally Adjusted,PPI Industry Data,PC,Primary metal mfg,,Primary metal mfg,Primary metal mfg,,2020,0.8011276268580216
134,2004,M13,Annual,142.8,[{}],"PPI industry sub-sector data for Primary metal mfg, not seasonally adjusted",PCU331---331---,Not Seasonally Adjusted,PPI Industry Data,PC,Primary metal mfg,,Primary metal mfg,Primary metal mfg,,2020,0.7319323423885188
135,2003,M13,Annual,118.4,[{}],"PPI industry sub-sector data for Primary metal mfg, not seasonally adjusted",PCU331---331---,Not Seasonally Adjusted,PPI Industry Data,PC,Primary metal mfg,,Primary metal mfg,Primary metal mfg,,2020,0.6068682726806767
136,2002,M13,Annual,116.2,[{}],"PPI industry sub-sector data for Primary metal mfg, not seasonally adjusted",PCU331---331---,Not Seasonally Adjusted,PPI Industry Data,PC,Primary metal mfg,,Primary metal mfg,Primary metal mfg,,2020,0.5955920041004613
137,2001,M13,Annual,116.1,[{}],"PPI industry sub-sector data for Primary metal mfg, not seasonally adjusted",PCU331---331---,Not Seasonally Adjusted,PPI Industry Data,PC,Primary metal mfg,,Primary metal mfg,Primary metal mfg,,2020,0.5950794464377243
138,2000,M13,Annual,119.8,[{}],"PPI industry sub-sector data for Primary metal mfg, not seasonally adjusted",PCU331---331---,Not Seasonally Adjusted,PPI Industry Data,PC,Primary metal mfg,,Primary metal mfg,Primary metal mfg,,2020,0.6140440799589953
139,1999,M13,Annual,115.8,[{}],"PPI industry sub-sector data for Primary metal mfg, not seasonally adjusted",PCU331---331---,Not Seasonally Adjusted,PPI Industry Data,PC,Primary metal mfg,,Primary metal mfg,Primary metal mfg,,2020,0.5935417734495131
140,1998,M13,Annual,120.9,[{}],"PPI industry sub-sector data for Primary metal mfg, not seasonally adjusted",PCU331---331---,Not Seasonally Adjusted,PPI Industry Data,PC,Primary metal mfg,,Primary metal mfg,Primary metal mfg,,2020,0.6196822142491031
141,1997,M13,Annual,124.7,[{}],"PPI industry sub-sector data for Primary metal mfg, not seasonally adjusted",PCU331---331---,Not Seasonally Adjusted,PPI Industry Data,PC,Primary metal mfg,,Primary metal mfg,Primary metal mfg,,2020,0.6391594054331112
142,1996,M13,Annual,123.7,[{}],"PPI industry sub-sector data for Primary metal mfg, not seasonally adjusted",PCU331---331---,Not Seasonally Adjusted,PPI Industry Data,PC,Primary metal mfg,,Primary metal mfg,Primary metal mfg,,2020,0.6340338288057407
143,1995,M13,Annual,128.2,[{}],"PPI industry sub-sector data for Primary metal mfg, not seasonally adjusted",PCU331---331---,Not Seasonally Adjusted,PPI Industry Data,PC,Primary metal mfg,,Primary metal mfg,Primary metal mfg,,2020,0.6570989236289082
144,2021,M13,Annual,270.970,[{}],"All items in U.S. city average, all urban consumers, not seasonally adjusted",CUUR0000SA0,Not Seasonally Adjusted,CPI for All Urban Consumers (CPI-U),CU,All items,U.S. city average,All items,,,2020,1.0469802288156225
145,2020,M13,Annual,258.811,[{}],"All items in U.S. city average, all urban consumers, not seasonally adjusted",CUUR0000SA0,Not Seasonally Adjusted,CPI for All Urban Consumers (CPI-U),CU,All items,U.S. city average,All items,,,2020,1.0
146,2019,M13,Annual,255.657,[{}],"All items in U.S. city average, all urban consumers, not seasonally adjusted",CUUR0000SA0,Not Seasonally Adjusted,CPI for All Urban Consumers (CPI-U),CU,All items,U.S. city average,All items,,,2020,0.9878135009717517
147,2018,M13,Annual,251.107,[{}],"All items in U.S. city average, all urban consumers, not seasonally adjusted",CUUR0000SA0,Not Seasonally Adjusted,CPI for All Urban Consumers (CPI-U),CU,All items,U.S. city average,All items,,,2020,0.9702331044661936
148,2017,M13,Annual,245.120,[{}],"All items in U.S. city average, all urban consumers, not seasonally adjusted",CUUR0000SA0,Not Seasonally Adjusted,CPI for All Urban Consumers (CPI-U),CU,All items,U.S. city average,All items,,,2020,0.9471003937236053
149,2016,M13,Annual,240.007,[{}],"All items in U.S. city average, all urban consumers, not seasonally adjusted",CUUR0000SA0,Not Seasonally Adjusted,CPI for All Urban Consumers (CPI-U),CU,All items,U.S. city average,All items,,,2020,0.9273446646394474
150,2015,M13,Annual,237.017,[{}],"All items in U.S. city average, all urban consumers, not seasonally adjusted",CUUR0000SA0,Not Seasonally Adjusted,CPI for All Urban Consumers (CPI-U),CU,All items,U.S. city average,All items,,,2020,0.9157918326500806
151,2014,M13,Annual,236.736,[{}],"All items in U.S. city average, all urban consumers, not seasonally adjusted",CUUR0000SA0,Not Seasonally Adjusted,CPI for All Urban Consumers (CPI-U),CU,All items,U.S. city average,All items,,,2020,0.9147060982724846
152,2013,M13,Annual,232.957,[{}],"All items in U.S. city average, all urban consumers, not seasonally adjusted",CUUR0000SA0,Not Seasonally Adjusted,CPI for All Urban Consumers (CPI-U),CU,All items,U.S. city average,All items,,,2020,0.9001047096143518
153,2012,M13,Annual,229.594,[{}],"All items in U.S. city average, all urban consumers, not seasonally adjusted",CUUR0000SA0,Not Seasonally Adjusted,CPI for All Urban Consumers (CPI-U),CU,All items,U.S. city average,All items,,,2020,0.8871106714938701
154,2011,M13,Annual,224.939,[{}],"All items in U.S. city average, all urban consumers, not seasonally adjusted",CUUR0000SA0,Not Seasonally Adjusted,CPI for All Urban Consumers (CPI-U),CU,All items,U.S. city average,All items,,,2020,0.8691245735304914
155,2010,M13,Annual,218.056,[{}],"All items in U.S. city average, all urban consumers, not seasonally adjusted",CUUR0000SA0,Not Seasonally Adjusted,CPI for All Urban Consumers (CPI-U),CU,All items,U.S. city average,All items,,,2020,0.842529877014501
156,2021,M13,Annual,128.720,[{}],"PPI industry sub-sector data for Transportation equipment manufacturing, not seasonally adjusted",PCU336---336---,Not Seasonally Adjusted,PPI Industry Data,PC,Transportation equipment manufacturing,,Transportation equipment manufacturing,Transportation equipment manufacturing,,2020,1.0272944932162809
157,2020,M13,Annual,125.3,[{}],"PPI industry sub-sector data for Transportation equipment manufacturing, not seasonally adjusted",PCU336---336---,Not Seasonally Adjusted,PPI Industry Data,PC,Transportation equipment manufacturing,,Transportation equipment manufacturing,Transportation equipment manufacturing,,2020,1.0
158,2019,M13,Annual,124.6,[{}],"PPI industry sub-sector data for Transportation equipment manufacturing, not seasonally adjusted",PCU336---336---,Not Seasonally Adjusted,PPI Industry Data,PC,Transportation equipment manufacturing,,Transportation equipment manufacturing,Transportation equipment manufacturing,,2020,0.994413407821229
159,2018,M13,Annual,123.3,[{}],"PPI industry sub-sector data for Transportation equipment manufacturing, not seasonally adjusted",PCU336---336---,Not Seasonally Adjusted,PPI Industry Data,PC,Transportation equipment manufacturing,,Transportation equipment manufacturing,Transportation equipment manufacturing,,2020,0.9840383080606544
160,2017,M13,Annual,121.6,[{}],"PPI industry sub-sector data for Transportation equipment manufacturing, not seasonally adjusted",PCU336---336---,Not Seasonally Adjusted,PPI Industry Data,PC,Transportation equipment manufacturing,,Transportation equipment manufacturing,Transportation equipment manufacturing,,2020,0.9704708699122107
161,2016,M13,Annual,120.2,[{}],"PPI industry sub-sector data for Transportation equipment manufacturing, not seasonally adjusted",PCU336---336---,Not Seasonally Adjusted,PPI Industry Data,PC,Transportation equipment manufacturing,,Transportation equipment manufacturing,Transportation equipment manufacturing,,2020,0.9592976855546689
162,2015,M13,Annual,119.3,[{}],"PPI industry sub-sector data for Transportation equipment manufacturing, not seasonally adjusted",PCU336---336---,Not Seasonally Adjusted,PPI Industry Data,PC,Transportation equipment manufacturing,,Transportation equipment manufacturing,Transportation equipment manufacturing,,2020,0.9521149241819633
163,2014,M13,Annual,117.6,[{}],"PPI industry sub-sector data for Transportation equipment manufacturing, not seasonally adjusted",PCU336---336---,Not Seasonally Adjusted,PPI Industry Data,PC,Transportation equipment manufacturing,,Transportation equipment manufacturing,Transportation equipment manufacturing,,2020,0.9385474860335196
164,2013,M13,Annual,116.0,[{}],"PPI industry sub-sector data for Transportation equipment manufacturing, not seasonally adjusted",PCU336---336---,Not Seasonally Adjusted,PPI Industry Data,PC,Transportation equipment manufacturing,,Transportation equipment manufacturing,Transportation equipment manufacturing,,2020,0.9257781324820431
165,2012,M13,Annual,114.8,[{}],"PPI industry sub-sector data for Transportation equipment manufacturing, not seasonally adjusted",PCU336---336---,Not Seasonally Adjusted,PPI Industry Data,PC,Transportation equipment manufacturing,,Transportation equipment manufacturing,Transportation equipment manufacturing,,2020,0.9162011173184358
166,2011,M13,Annual,112.3,[{}],"PPI industry sub-sector data for Transportation equipment manufacturing, not seasonally adjusted",PCU336---336---,Not Seasonally Adjusted,PPI Industry Data,PC,Transportation equipment manufacturing,,Transportation equipment manufacturing,Transportation equipment manufacturing,,2020,0.8962490023942538
167,2010,M13,Annual,110.4,[{}],"PPI industry sub-sector data for Transportation equipment manufacturing, not seasonally adjusted",PCU336---336---,Not Seasonally Adjusted,PPI Industry Data,PC,Transportation equipment manufacturing,,Transportation equipment manufacturing,Transportation equipment manufacturing,,2020,0.8810853950518756
168,2021,M13,Annual,246.326,[{}],"PPI industry group data for Aerospace product and parts manufacturing, not seasonally adjusted",PCU3364--3364--,Not Seasonally Adjusted,PPI Industry Data,PC,Aerospace product and parts manufacturing,,Aerospace product and parts manufacturing,Aerospace product and parts manufacturing,,2020,1.0145222405271828
169,2020,M13,Annual,242.8,[{}],"PPI industry group data for Aerospace product and parts manufacturing, not seasonally adjusted",PCU3364--3364--,Not Seasonally Adjusted,PPI Industry Data,PC,Aerospace product and parts manufacturing,,Aerospace product and parts manufacturing,Aerospace product and parts manufacturing,,2020,1.0
170,2019,M13,Annual,239.2,[{}],"PPI industry group data for Aerospace product and parts manufacturing, not seasonally adjusted",PCU3364--3364--,Not Seasonally Adjusted,PPI Industry Data,PC,Aerospace product and parts manufacturing,,Aerospace product and parts manufacturing,Aerospace product and parts manufacturing,,2020,0.9851729818780889
171,2018,M13,Annual,234.6,[{}],"PPI industry group data for Aerospace product and parts manufacturing, not seasonally adjusted",PCU3364--3364--,Not Seasonally Adjusted,PPI Industry Data,PC,Aerospace product and parts manufacturing,,Aerospace product and parts manufacturing,Aerospace product and parts manufacturing,,2020,0.9662273476112025
172,2017,M13,Annual,230.4,[{}],"PPI industry group data for Aerospace product and parts manufacturing, not seasonally adjusted",PCU3364--3364--,Not Seasonally Adjusted,PPI Industry Data,PC,Aerospace product and parts manufacturing,,Aerospace product and parts manufacturing,Aerospace product and parts manufacturing,,2020,0.9489291598023064
173,2016,M13,Annual,227.9,[{}],"PPI industry group data for Aerospace product and parts manufacturing, not seasonally adjusted",PCU3364--3364--,Not Seasonally Adjusted,PPI Industry Data,PC,Aerospace product and parts manufacturing,,Aerospace product and parts manufacturing,Aerospace product and parts manufacturing,,2020,0.9386326194398682
174,2015,M13,Annual,224.4,[{}],"PPI industry group data for Aerospace product and parts manufacturing, not seasonally adjusted",PCU3364--3364--,Not Seasonally Adjusted,PPI Industry Data,PC,Aerospace product and parts manufacturing,,Aerospace product and parts manufacturing,Aerospace product and parts manufacturing,,2020,0.9242174629324547
175,2014,M13,Annual,222.5,[{}],"PPI industry group data for Aerospace product and parts manufacturing, not seasonally adjusted",PCU3364--3364--,Not Seasonally Adjusted,PPI Industry Data,PC,Aerospace product and parts manufacturing,,Aerospace product and parts manufacturing,Aerospace product and parts manufacturing,,2020,0.9163920922570016
176,2013,M13,Annual,219.1,[{}],"PPI industry group data for Aerospace product and parts manufacturing, not seasonally adjusted",PCU3364--3364--,Not Seasonally Adjusted,PPI Industry Data,PC,Aerospace product and parts manufacturing,,Aerospace product and parts manufacturing,Aerospace product and parts manufacturing,,2020,0.9023887973640856
177,2012,M13,Annual,215.7,[{}],"PPI industry group data for Aerospace product and parts manufacturing, not seasonally adjusted",PCU3364--3364--,Not Seasonally Adjusted,PPI Industry Data,PC,Aerospace product and parts manufacturing,,Aerospace product and parts manufacturing,Aerospace product and parts manufacturing,,2020,0.8883855024711697
178,2011,M13,Annual,210.8,[{}],"PPI industry group data for Aerospace product and parts manufacturing, not seasonally adjusted",PCU3364--3364--,Not Seasonally Adjusted,PPI Industry Data,PC,Aerospace product and parts manufacturing,,Aerospace product and parts manufacturing,Aerospace product and parts manufacturing,,2020,0.8682042833607908
179,2010,M13,Annual,203.4,[{}],"PPI industry group data for Aerospace product and parts manufacturing, not seasonally adjusted",PCU3364--3364--,Not Seasonally Adjusted,PPI Industry Data,PC,Aerospace product and parts manufacturing,,Aerospace product and parts manufacturing,Aerospace product and parts manufacturing,,2020,0.8377265238879736
180,2021,M13,Annual,244.608,[{}],"PPI industry group data for Ship and boat building, not seasonally adjusted",PCU3366--3366--,Not Seasonally Adjusted,PPI Industry Data,PC,Ship and boat building,,Ship and boat building,Ship and boat building,,2020,1.0294949494949495
181,2020,M13,Annual,237.6,[{}],"PPI industry group data for Ship and boat building, not seasonally adjusted",PCU3366--3366--,Not Seasonally Adjusted,PPI Industry Data,PC,Ship and boat building,,Ship and boat building,Ship and boat building,,2020,1.0
182,2019,M13,Annual,233.6,[{}],"PPI industry group data for Ship and boat building, not seasonally adjusted",PCU3366--3366--,Not Seasonally Adjusted,PPI Industry Data,PC,Ship and boat building,,Ship and boat building,Ship and boat building,,2020,0.9831649831649831
183,2018,M13,Annual,228.9,[{}],"PPI industry group data for Ship and boat building, not seasonally adjusted",PCU3366--3366--,Not Seasonally Adjusted,PPI Industry Data,PC,Ship and boat building,,Ship and boat building,Ship and boat building,,2020,0.9633838383838385
184,2017,M13,Annual,225.0,[{}],"PPI industry group data for Ship and boat building, not seasonally adjusted",PCU3366--3366--,Not Seasonally Adjusted,PPI Industry Data,PC,Ship and boat building,,Ship and boat building,Ship and boat building,,2020,0.946969696969697
185,2016,M13,Annual,222.4,[{}],"PPI industry group data for Ship and boat building, not seasonally adjusted",PCU3366--3366--,Not Seasonally Adjusted,PPI Industry Data,PC,Ship and boat building,,Ship and boat building,Ship and boat building,,2020,0.9360269360269361
186,2015,M13,Annual,220.4,[{}],"PPI industry group data for Ship and boat building, not seasonally adjusted",PCU3366--3366--,Not Seasonally Adjusted,PPI Industry Data,PC,Ship and boat building,,Ship and boat building,Ship and boat building,,2020,0.9276094276094277
187,2014,M13,Annual,216.1,[{}],"PPI industry group data for Ship and boat building, not seasonally adjusted",PCU3366--3366--,Not Seasonally Adjusted,PPI Industry Data,PC,Ship and boat building,,Ship and boat building,Ship and boat building,,2020,0.9095117845117845
188,2013,M13,Annual,211.9,[{}],"PPI industry group data for Ship and boat building, not seasonally adjusted",PCU3366--3366--,Not Seasonally Adjusted,PPI Industry Data,PC,Ship and boat building,,Ship and boat building,Ship and boat building,,2020,0.8918350168350169
189,2012,M13,Annual,209.5,[{}],"PPI industry group data for Ship and boat building, not seasonally adjusted",PCU3366--3366--,Not Seasonally Adjusted,PPI Industry Data,PC,Ship and boat building,,Ship and boat building,Ship and boat building,,2020,0.8817340067340067
190,2011,M13,Annual,206.7,[{}],"PPI industry group data for Ship and boat building, not seasonally adjusted",PCU3366--3366--,Not Seasonally Adjusted,PPI Industry Data,PC,Ship and boat building,,Ship and boat building,Ship and boat building,,2020,0.8699494949494949
191,2010,M13,Annual,203.0,[{}],"PPI industry group data for Ship and boat building, not seasonally adjusted",PCU3366--3366--,Not Seasonally Adjusted,PPI Industry Data,PC,Ship and boat building,,Ship and boat building,Ship and boat building,,2020,0.8543771043771043
192,2021,M13,Annual,218.335,[{}],"PPI industry data for Ship building and repairing, not seasonally adjusted",PCU336611336611,Not Seasonally Adjusted,PPI Industry Data,PC,Ship building and repairing,,Ship building and repairing,Ship building and repairing,,2020,1.0221676029962548
193,2020,M13,Annual,213.6,[{}],"PPI industry data for Ship building and repairing, not seasonally adjusted",PCU336611336611,Not Seasonally Adjusted,PPI Industry Data,PC,Ship building and repairing,,Ship building and repairing,Ship building and repairing,,2020,1.0
194,2019,M13,Annual,210.9,[{}],"PPI industry data for Ship building and repairing, not seasonally adjusted",PCU336611336611,Not Seasonally Adjusted,PPI Industry Data,PC,Ship building and repairing,,Ship building and repairing,Ship building and repairing,,2020,0.9873595505617978
195,2018,M13,Annual,207.6,[{}],"PPI industry data for Ship building and repairing, not seasonally adjusted",PCU336611336611,Not Seasonally Adjusted,PPI Industry Data,PC,Ship building and repairing,,Ship building and repairing,Ship building and repairing,,2020,0.9719101123595506
196,2017,M13,Annual,205.4,[{}],"PPI industry data for Ship building and repairing, not seasonally adjusted",PCU336611336611,Not Seasonally Adjusted,PPI Industry Data,PC,Ship building and repairing,,Ship building and repairing,Ship building and repairing,,2020,0.9616104868913858
197,2016,M13,Annual,204.4,[{}],"PPI industry data for Ship building and repairing, not seasonally adjusted",PCU336611336611,Not Seasonally Adjusted,PPI Industry Data,PC,Ship building and repairing,,Ship building and repairing,Ship building and repairing,,2020,0.9569288389513109
198,2015,M13,Annual,203.9,[{}],"PPI industry data for Ship building and repairing, not seasonally adjusted",PCU336611336611,Not Seasonally Adjusted,PPI Industry Data,PC,Ship building and repairing,,Ship building and repairing,Ship building and repairing,,2020,0.9545880149812734
199,2014,M13,Annual,200.2,[{}],"PPI industry data for Ship building and repairing, not seasonally adjusted",PCU336611336611,Not Seasonally Adjusted,PPI Industry Data,PC,Ship building and repairing,,Ship building and repairing,Ship building and repairing,,2020,0.9372659176029963
200,2013,M13,Annual,196.7,[{}],"PPI industry data for Ship building and repairing, not seasonally adjusted",PCU336611336611,Not Seasonally Adjusted,PPI Industry Data,PC,Ship building and repairing,,Ship building and repairing,Ship building and repairing,,2020,0.920880149812734
201,2012,M13,Annual,196.4,[{}],"PPI industry data for Ship building and repairing, not seasonally adjusted",PCU336611336611,Not Seasonally Adjusted,PPI Industry Data,PC,Ship building and repairing,,Ship building and repairing,Ship building and repairing,,2020,0.9194756554307116
202,2011,M13,Annual,195.0,[{}],"PPI industry data for Ship building and repairing, not seasonally adjusted",PCU336611336611,Not Seasonally Adjusted,PPI Industry Data,PC,Ship building and repairing,,Ship building and repairing,Ship building and repairing,,2020,0.9129213483146068
203,2010,M13,Annual,191.1,[{}],"PPI industry data for Ship building and repairing, not seasonally adjusted",PCU336611336611,Not Seasonally Adjusted,PPI Industry Data,PC,Ship building and repairing,,Ship building and repairing,Ship building and repairing,,2020,0.8946629213483146
204,2021,M13,Annual,292.158,[{}],"PPI industry sub-sector data for Primary metal mfg, not seasonally adjusted",PCU331---331---,Not Seasonally Adjusted,PPI Industry Data,PC,Primary metal mfg,,Primary metal mfg,Primary metal mfg,,2020,1.4974782162993339
205,2020,M13,Annual,195.1,[{}],"PPI industry sub-sector data for Primary metal mfg, not seasonally adjusted",PCU331---331---,Not Seasonally Adjusted,PPI Industry Data,PC,Primary metal mfg,,Primary metal mfg,Primary metal mfg,,2020,1.0
206,2019,M13,Annual,206.7,[{}],"PPI industry sub-sector data for Primary metal mfg, not seasonally adjusted",PCU331---331---,Not Seasonally Adjusted,PPI Industry Data,PC,Primary metal mfg,,Primary metal mfg,Primary metal mfg,,2020,1.0594566888774988
207,2018,M13,Annual,211.5,[{}],"PPI industry sub-sector data for Primary metal mfg, not seasonally adjusted",PCU331---331---,Not Seasonally Adjusted,PPI Industry Data,PC,Primary metal mfg,,Primary metal mfg,Primary metal mfg,,2020,1.0840594566888775
208,2017,M13,Annual,191.4,[{}],"PPI industry sub-sector data for Primary metal mfg, not seasonally adjusted",PCU331---331---,Not Seasonally Adjusted,PPI Industry Data,PC,Primary metal mfg,,Primary metal mfg,Primary metal mfg,,2020,0.9810353664787289
209,2016,M13,Annual,175.2,[{}],"PPI industry sub-sector data for Primary metal mfg, not seasonally adjusted",PCU331---331---,Not Seasonally Adjusted,PPI Industry Data,PC,Primary metal mfg,,Primary metal mfg,Primary metal mfg,,2020,0.8980010251153254
210,2015,M13,Annual,184.0,[{}],"PPI industry sub-sector data for Primary metal mfg, not seasonally adjusted",PCU331---331---,Not Seasonally Adjusted,PPI Industry Data,PC,Primary metal mfg,,Primary metal mfg,Primary metal mfg,,2020,0.9431060994361866
211,2014,M13,Annual,201.0,[{}],"PPI industry sub-sector data for Primary metal mfg, not seasonally adjusted",PCU331---331---,Not Seasonally Adjusted,PPI Industry Data,PC,Primary metal mfg,,Primary metal mfg,Primary metal mfg,,2020,1.0302409021014864
212,2013,M13,Annual,198.7,[{}],"PPI industry sub-sector data for Primary metal mfg, not seasonally adjusted",PCU331---331---,Not Seasonally Adjusted,PPI Industry Data,PC,Primary metal mfg,,Primary metal mfg,Primary metal mfg,,2020,1.018452075858534
213,2012,M13,Annual,207.6,[{}],"PPI industry sub-sector data for Primary metal mfg, not seasonally adjusted",PCU331---331---,Not Seasonally Adjusted,PPI Industry Data,PC,Primary metal mfg,,Primary metal mfg,Primary metal mfg,,2020,1.0640697078421322
214,2011,M13,Annual,217.2,[{}],"PPI industry sub-sector data for Primary metal mfg, not seasonally adjusted",PCU331---331---,Not Seasonally Adjusted,PPI Industry Data,PC,Primary metal mfg,,Primary metal mfg,Primary metal mfg,,2020,1.1132752434648898
215,2010,M13,Annual,196.1,[{}],"PPI industry sub-sector data for Primary metal mfg, not seasonally adjusted",PCU331---331---,Not Seasonally Adjusted,PPI Industry Data,PC,Primary metal mfg,,Primary metal mfg,Primary metal mfg,,2020,1.0051255766273706
